#fuzzer,benchmark,driver,run,execs_done,fuzz_time
tunefuzz,libtiff_9_1,tiff_read_rgba_fuzzer,0,43279,505
tunefuzz,libtiff_9_1,tiff_read_rgba_fuzzer,3,294040,503
tunefuzz,libtiff_9_1,tiff_read_rgba_fuzzer,1,1566447,505
tunefuzz,libtiff_9_1,tiff_read_rgba_fuzzer,8,96122,504
tunefuzz,libtiff_9_1,tiff_read_rgba_fuzzer,6,466247,504
tunefuzz,libtiff_9_1,tiff_read_rgba_fuzzer,9,253664,506
tunefuzz,libtiff_9_1,tiff_read_rgba_fuzzer,2,181049,506
tunefuzz,libtiff_9_1,tiff_read_rgba_fuzzer,5,702116,505
tunefuzz,libtiff_9_1,tiff_read_rgba_fuzzer,7,438469,505
tunefuzz,libtiff_9_1,tiff_read_rgba_fuzzer,4,85343,505
tunefuzz,libsndfile_7_1,sndfile_fuzzer,0,111135,546
tunefuzz,libsndfile_7_1,sndfile_fuzzer,3,110061,546
tunefuzz,libsndfile_7_1,sndfile_fuzzer,1,255343,548
tunefuzz,libsndfile_7_1,sndfile_fuzzer,8,307317,548
tunefuzz,libsndfile_7_1,sndfile_fuzzer,6,152876,548
tunefuzz,libsndfile_7_1,sndfile_fuzzer,9,262838,548
tunefuzz,libsndfile_7_1,sndfile_fuzzer,2,133431,547
tunefuzz,libsndfile_7_1,sndfile_fuzzer,5,237870,546
tunefuzz,libsndfile_7_1,sndfile_fuzzer,7,226435,545
tunefuzz,libsndfile_7_1,sndfile_fuzzer,4,296519,548
tunefuzz,openssl_1_3,bignum,0,89813,586
tunefuzz,openssl_1_3,bignum,3,82493,586
tunefuzz,openssl_1_3,bignum,1,119815,586
tunefuzz,openssl_1_3,bignum,8,110926,586
tunefuzz,openssl_1_3,bignum,6,102449,586
tunefuzz,openssl_1_3,bignum,9,133620,586
tunefuzz,openssl_1_3,bignum,2,89844,586
tunefuzz,openssl_1_3,bignum,5,63995,586
tunefuzz,openssl_1_3,bignum,7,108563,586
tunefuzz,openssl_1_3,bignum,4,92604,586
tunefuzz,libpng_4_1,libpng_read_fuzzer,0,16315419,599
tunefuzz,libpng_4_1,libpng_read_fuzzer,3,16191453,599
tunefuzz,libpng_4_1,libpng_read_fuzzer,1,16349689,599
tunefuzz,libpng_4_1,libpng_read_fuzzer,8,15991935,599
tunefuzz,libpng_4_1,libpng_read_fuzzer,6,16245844,599
tunefuzz,libpng_4_1,libpng_read_fuzzer,9,15915008,599
tunefuzz,libpng_4_1,libpng_read_fuzzer,2,16325165,599
tunefuzz,libpng_4_1,libpng_read_fuzzer,5,16298622,599
tunefuzz,libpng_4_1,libpng_read_fuzzer,7,16227000,599
tunefuzz,libpng_4_1,libpng_read_fuzzer,4,16315162,599
tunefuzz,openssl_12_6,x509,0,5366316,586
tunefuzz,openssl_12_6,x509,3,5426149,586
tunefuzz,openssl_12_6,x509,1,5406983,586
tunefuzz,openssl_12_6,x509,8,5437611,586
tunefuzz,openssl_12_6,x509,6,5377722,586
tunefuzz,openssl_12_6,x509,9,5460346,586
tunefuzz,openssl_12_6,x509,2,5549592,586
tunefuzz,openssl_12_6,x509,5,5259246,586
tunefuzz,openssl_12_6,x509,7,5169039,586
tunefuzz,openssl_12_6,x509,4,5690534,586
tunefuzz,php_11_2,exif,0,6914180,596
tunefuzz,php_11_2,exif,3,6991997,596
tunefuzz,php_11_2,exif,1,6955318,596
tunefuzz,php_11_2,exif,8,6938924,596
tunefuzz,php_11_2,exif,6,7016072,596
tunefuzz,php_11_2,exif,9,6954874,596
tunefuzz,php_11_2,exif,2,7057016,596
tunefuzz,php_11_2,exif,5,7025403,596
tunefuzz,php_11_2,exif,7,6670168,596
tunefuzz,php_11_2,exif,4,7132293,596
tunefuzz,openssl_11_4,server,0,37407,444
tunefuzz,openssl_11_4,server,3,53752,445
tunefuzz,openssl_11_4,server,1,40309,444
tunefuzz,openssl_11_4,server,8,48569,444
tunefuzz,openssl_11_4,server,6,21935,443
tunefuzz,openssl_11_4,server,9,37153,444
tunefuzz,openssl_11_4,server,2,40787,444
tunefuzz,openssl_11_4,server,5,22934,442
tunefuzz,openssl_11_4,server,7,30995,445
tunefuzz,openssl_11_4,server,4,37905,445
tunefuzz,poppler_9_1,pdf_fuzzer,0,25794,0
tunefuzz,poppler_9_1,pdf_fuzzer,3,25822,0
tunefuzz,poppler_9_1,pdf_fuzzer,1,25938,0
tunefuzz,poppler_9_1,pdf_fuzzer,8,25874,0
tunefuzz,poppler_9_1,pdf_fuzzer,6,25886,0
tunefuzz,poppler_9_1,pdf_fuzzer,9,25790,0
tunefuzz,poppler_9_1,pdf_fuzzer,2,25694,0
tunefuzz,poppler_9_1,pdf_fuzzer,5,25662,0
tunefuzz,poppler_9_1,pdf_fuzzer,7,25874,0
tunefuzz,poppler_9_1,pdf_fuzzer,4,25770,0
tunefuzz,php_16_3,unserialize,0,9359761,597
tunefuzz,php_16_3,unserialize,3,9288998,597
tunefuzz,php_16_3,unserialize,1,9367377,597
tunefuzz,php_16_3,unserialize,8,9266769,597
tunefuzz,php_16_3,unserialize,6,9166916,597
tunefuzz,php_16_3,unserialize,9,9177077,597
tunefuzz,php_16_3,unserialize,2,9233829,597
tunefuzz,php_16_3,unserialize,5,9262468,597
tunefuzz,php_16_3,unserialize,7,9231615,597
tunefuzz,php_16_3,unserialize,4,9300064,597
tunefuzz,poppler_3_1,pdf_fuzzer,0,25802,0
tunefuzz,poppler_3_1,pdf_fuzzer,3,25818,0
tunefuzz,poppler_3_1,pdf_fuzzer,1,25810,0
tunefuzz,poppler_3_1,pdf_fuzzer,8,25727,0
tunefuzz,poppler_3_1,pdf_fuzzer,6,25807,0
tunefuzz,poppler_3_1,pdf_fuzzer,9,25687,0
tunefuzz,poppler_3_1,pdf_fuzzer,2,25850,0
tunefuzz,poppler_3_1,pdf_fuzzer,5,25658,0
tunefuzz,poppler_3_1,pdf_fuzzer,7,25827,0
tunefuzz,poppler_3_1,pdf_fuzzer,4,25742,0
tunefuzz,libxml2_14_1,libxml2_xml_reader_for_file_fuzzer,0,1284783,518
tunefuzz,libxml2_14_1,libxml2_xml_reader_for_file_fuzzer,3,903105,518
tunefuzz,libxml2_14_1,libxml2_xml_reader_for_file_fuzzer,1,559995,518
tunefuzz,libxml2_14_1,libxml2_xml_reader_for_file_fuzzer,8,901106,517
tunefuzz,libxml2_14_1,libxml2_xml_reader_for_file_fuzzer,6,567438,516
tunefuzz,libxml2_14_1,libxml2_xml_reader_for_file_fuzzer,9,1219544,516
tunefuzz,libxml2_14_1,libxml2_xml_reader_for_file_fuzzer,2,434000,518
tunefuzz,libxml2_14_1,libxml2_xml_reader_for_file_fuzzer,5,498759,518
tunefuzz,libxml2_14_1,libxml2_xml_reader_for_file_fuzzer,7,922725,516
tunefuzz,libxml2_14_1,libxml2_xml_reader_for_file_fuzzer,4,1025744,518
tunefuzz,openssl_1_5,client,0,169513,503
tunefuzz,openssl_1_5,client,3,245871,505
tunefuzz,openssl_1_5,client,1,226124,505
tunefuzz,openssl_1_5,client,8,131256,505
tunefuzz,openssl_1_5,client,6,238546,505
tunefuzz,openssl_1_5,client,9,242322,505
tunefuzz,openssl_1_5,client,2,128032,501
tunefuzz,openssl_1_5,client,5,231838,505
tunefuzz,openssl_1_5,client,7,180638,505
tunefuzz,openssl_1_5,client,4,189761,505
tunefuzz,libxml2_10_2,libxml2_xml_read_memory_fuzzer,0,2288322,541
tunefuzz,libxml2_10_2,libxml2_xml_read_memory_fuzzer,3,1712265,542
tunefuzz,libxml2_10_2,libxml2_xml_read_memory_fuzzer,1,2258843,541
tunefuzz,libxml2_10_2,libxml2_xml_read_memory_fuzzer,8,2784685,542
tunefuzz,libxml2_10_2,libxml2_xml_read_memory_fuzzer,6,2761237,541
tunefuzz,libxml2_10_2,libxml2_xml_read_memory_fuzzer,9,2872434,541
tunefuzz,libxml2_10_2,libxml2_xml_read_memory_fuzzer,2,1618326,542
tunefuzz,libxml2_10_2,libxml2_xml_read_memory_fuzzer,5,2044369,542
tunefuzz,libxml2_10_2,libxml2_xml_read_memory_fuzzer,7,2247677,541
tunefuzz,libxml2_10_2,libxml2_xml_read_memory_fuzzer,4,1491716,542
tunefuzz,openssl_11_6,x509,0,5123342,586
tunefuzz,openssl_11_6,x509,3,5274824,586
tunefuzz,openssl_11_6,x509,1,5024471,586
tunefuzz,openssl_11_6,x509,8,5139116,586
tunefuzz,openssl_11_6,x509,6,5571241,586
tunefuzz,openssl_11_6,x509,9,5433030,586
tunefuzz,openssl_11_6,x509,2,5277600,586
tunefuzz,openssl_11_6,x509,5,5592865,586
tunefuzz,openssl_11_6,x509,7,5657501,586
tunefuzz,openssl_11_6,x509,4,5655437,586
tunefuzz,openssl_6_4,server,0,30071,444
tunefuzz,openssl_6_4,server,3,45377,444
tunefuzz,openssl_6_4,server,1,39858,444
tunefuzz,openssl_6_4,server,8,28018,444
tunefuzz,openssl_6_4,server,6,43387,444
tunefuzz,openssl_6_4,server,9,36094,444
tunefuzz,openssl_6_4,server,2,22000,442
tunefuzz,openssl_6_4,server,5,44483,440
tunefuzz,openssl_6_4,server,7,37555,440
tunefuzz,openssl_6_4,server,4,41533,444
tunefuzz,poppler_17_1,pdf_fuzzer,0,25739,0
tunefuzz,poppler_17_1,pdf_fuzzer,3,25843,0
tunefuzz,poppler_17_1,pdf_fuzzer,1,25875,0
tunefuzz,poppler_17_1,pdf_fuzzer,8,25843,0
tunefuzz,poppler_17_1,pdf_fuzzer,6,25879,0
tunefuzz,poppler_17_1,pdf_fuzzer,9,25835,0
tunefuzz,poppler_17_1,pdf_fuzzer,2,25775,0
tunefuzz,poppler_17_1,pdf_fuzzer,5,25819,0
tunefuzz,poppler_17_1,pdf_fuzzer,7,25831,0
tunefuzz,poppler_17_1,pdf_fuzzer,4,25947,0
tunefuzz,libxml2_12_2,libxml2_xml_read_memory_fuzzer,0,2164186,540
tunefuzz,libxml2_12_2,libxml2_xml_read_memory_fuzzer,3,2712102,541
tunefuzz,libxml2_12_2,libxml2_xml_read_memory_fuzzer,1,2790738,542
tunefuzz,libxml2_12_2,libxml2_xml_read_memory_fuzzer,8,1595895,540
tunefuzz,libxml2_12_2,libxml2_xml_read_memory_fuzzer,6,897569,541
tunefuzz,libxml2_12_2,libxml2_xml_read_memory_fuzzer,9,2400267,541
tunefuzz,libxml2_12_2,libxml2_xml_read_memory_fuzzer,2,2818177,542
tunefuzz,libxml2_12_2,libxml2_xml_read_memory_fuzzer,5,2498387,541
tunefuzz,libxml2_12_2,libxml2_xml_read_memory_fuzzer,7,601645,541
tunefuzz,libxml2_12_2,libxml2_xml_read_memory_fuzzer,4,1012995,541
tunefuzz,libsndfile_2_1,sndfile_fuzzer,0,185328,546
tunefuzz,libsndfile_2_1,sndfile_fuzzer,3,107473,550
tunefuzz,libsndfile_2_1,sndfile_fuzzer,1,153476,547
tunefuzz,libsndfile_2_1,sndfile_fuzzer,8,175841,545
tunefuzz,libsndfile_2_1,sndfile_fuzzer,6,150545,548
tunefuzz,libsndfile_2_1,sndfile_fuzzer,9,198258,547
tunefuzz,libsndfile_2_1,sndfile_fuzzer,2,252895,546
tunefuzz,libsndfile_2_1,sndfile_fuzzer,5,202446,547
tunefuzz,libsndfile_2_1,sndfile_fuzzer,7,287940,547
tunefuzz,libsndfile_2_1,sndfile_fuzzer,4,232362,547
tunefuzz,php_4_1,json,0,9033702,597
tunefuzz,php_4_1,json,3,9048418,597
tunefuzz,php_4_1,json,1,8964397,597
tunefuzz,php_4_1,json,8,9052040,597
tunefuzz,php_4_1,json,6,8877405,597
tunefuzz,php_4_1,json,9,8560413,597
tunefuzz,php_4_1,json,2,8772980,597
tunefuzz,php_4_1,json,5,8712452,597
tunefuzz,php_4_1,json,7,8929407,597
tunefuzz,php_4_1,json,4,8909862,597
tunefuzz,libxml2_8_1,libxml2_xml_reader_for_file_fuzzer,0,492612,518
tunefuzz,libxml2_8_1,libxml2_xml_reader_for_file_fuzzer,3,1004949,518
tunefuzz,libxml2_8_1,libxml2_xml_reader_for_file_fuzzer,1,1249049,519
tunefuzz,libxml2_8_1,libxml2_xml_reader_for_file_fuzzer,8,955616,513
tunefuzz,libxml2_8_1,libxml2_xml_reader_for_file_fuzzer,6,712045,514
tunefuzz,libxml2_8_1,libxml2_xml_reader_for_file_fuzzer,9,971780,515
tunefuzz,libxml2_8_1,libxml2_xml_reader_for_file_fuzzer,2,1128389,518
tunefuzz,libxml2_8_1,libxml2_xml_reader_for_file_fuzzer,5,892889,515
tunefuzz,libxml2_8_1,libxml2_xml_reader_for_file_fuzzer,7,1357865,510
tunefuzz,libxml2_8_1,libxml2_xml_reader_for_file_fuzzer,4,1126988,516
tunefuzz,openssl_19_1,asn1,0,40916,467
tunefuzz,openssl_19_1,asn1,3,34781,467
tunefuzz,openssl_19_1,asn1,1,48151,467
tunefuzz,openssl_19_1,asn1,8,44066,463
tunefuzz,openssl_19_1,asn1,6,64649,466
tunefuzz,openssl_19_1,asn1,9,52608,467
tunefuzz,openssl_19_1,asn1,2,68114,467
tunefuzz,openssl_19_1,asn1,5,35030,467
tunefuzz,openssl_19_1,asn1,7,48175,467
tunefuzz,openssl_19_1,asn1,4,32715,464
tunefuzz,libsndfile_15_1,sndfile_fuzzer,0,366076,547
tunefuzz,libsndfile_15_1,sndfile_fuzzer,3,171480,546
tunefuzz,libsndfile_15_1,sndfile_fuzzer,1,153886,546
tunefuzz,libsndfile_15_1,sndfile_fuzzer,8,239357,547
tunefuzz,libsndfile_15_1,sndfile_fuzzer,6,225639,545
tunefuzz,libsndfile_15_1,sndfile_fuzzer,9,231654,544
tunefuzz,libsndfile_15_1,sndfile_fuzzer,2,301763,545
tunefuzz,libsndfile_15_1,sndfile_fuzzer,5,224025,547
tunefuzz,libsndfile_15_1,sndfile_fuzzer,7,221903,546
tunefuzz,libsndfile_15_1,sndfile_fuzzer,4,328869,547
tunefuzz,libxml2_2_1,libxml2_xml_reader_for_file_fuzzer,0,1050760,519
tunefuzz,libxml2_2_1,libxml2_xml_reader_for_file_fuzzer,3,911244,519
tunefuzz,libxml2_2_1,libxml2_xml_reader_for_file_fuzzer,1,873328,519
tunefuzz,libxml2_2_1,libxml2_xml_reader_for_file_fuzzer,8,180972,520
tunefuzz,libxml2_2_1,libxml2_xml_reader_for_file_fuzzer,6,978147,520
tunefuzz,libxml2_2_1,libxml2_xml_reader_for_file_fuzzer,9,770896,526
tunefuzz,libxml2_2_1,libxml2_xml_reader_for_file_fuzzer,2,714912,519
tunefuzz,libxml2_2_1,libxml2_xml_reader_for_file_fuzzer,5,841670,519
tunefuzz,libxml2_2_1,libxml2_xml_reader_for_file_fuzzer,7,361051,521
tunefuzz,libxml2_2_1,libxml2_xml_reader_for_file_fuzzer,4,1109426,519
tunefuzz,openssl_8_1,asn1,0,46767,463
tunefuzz,openssl_8_1,asn1,3,60327,461
tunefuzz,openssl_8_1,asn1,1,35228,466
tunefuzz,openssl_8_1,asn1,8,35997,466
tunefuzz,openssl_8_1,asn1,6,72146,466
tunefuzz,openssl_8_1,asn1,9,59924,466
tunefuzz,openssl_8_1,asn1,2,50479,466
tunefuzz,openssl_8_1,asn1,5,60044,466
tunefuzz,openssl_8_1,asn1,7,37376,466
tunefuzz,openssl_8_1,asn1,4,35626,466
tunefuzz,libxml2_1_2,libxml2_xml_read_memory_fuzzer,0,1723543,542
tunefuzz,libxml2_1_2,libxml2_xml_read_memory_fuzzer,3,2638180,542
tunefuzz,libxml2_1_2,libxml2_xml_read_memory_fuzzer,1,1847251,542
tunefuzz,libxml2_1_2,libxml2_xml_read_memory_fuzzer,8,1985871,542
tunefuzz,libxml2_1_2,libxml2_xml_read_memory_fuzzer,6,2045654,542
tunefuzz,libxml2_1_2,libxml2_xml_read_memory_fuzzer,9,906119,542
tunefuzz,libxml2_1_2,libxml2_xml_read_memory_fuzzer,2,2249194,542
tunefuzz,libxml2_1_2,libxml2_xml_read_memory_fuzzer,5,2396957,542
tunefuzz,libxml2_1_2,libxml2_xml_read_memory_fuzzer,7,616225,542
tunefuzz,libxml2_1_2,libxml2_xml_read_memory_fuzzer,4,1453505,543
tunefuzz,openssl_7_2,asn1parse,0,9062656,598
tunefuzz,openssl_7_2,asn1parse,3,9130865,598
tunefuzz,openssl_7_2,asn1parse,1,9230499,598
tunefuzz,openssl_7_2,asn1parse,8,9115860,598
tunefuzz,openssl_7_2,asn1parse,6,9304540,598
tunefuzz,openssl_7_2,asn1parse,9,9274999,598
tunefuzz,openssl_7_2,asn1parse,2,9289516,598
tunefuzz,openssl_7_2,asn1parse,5,9134944,598
tunefuzz,openssl_7_2,asn1parse,7,9236888,598
tunefuzz,openssl_7_2,asn1parse,4,9387801,598
tunefuzz,openssl_4_4,server,0,35946,445
tunefuzz,openssl_4_4,server,3,47896,443
tunefuzz,openssl_4_4,server,1,33110,441
tunefuzz,openssl_4_4,server,8,35541,445
tunefuzz,openssl_4_4,server,6,44771,442
tunefuzz,openssl_4_4,server,9,32343,440
tunefuzz,openssl_4_4,server,2,32178,445
tunefuzz,openssl_4_4,server,5,30859,445
tunefuzz,openssl_4_4,server,7,42938,445
tunefuzz,openssl_4_4,server,4,23082,444
tunefuzz,php_15_2,exif,0,7097708,596
tunefuzz,php_15_2,exif,3,7150141,596
tunefuzz,php_15_2,exif,1,7053170,596
tunefuzz,php_15_2,exif,8,7040292,596
tunefuzz,php_15_2,exif,6,7113092,596
tunefuzz,php_15_2,exif,9,7047162,596
tunefuzz,php_15_2,exif,2,7102559,596
tunefuzz,php_15_2,exif,5,7015884,596
tunefuzz,php_15_2,exif,7,6962372,596
tunefuzz,php_15_2,exif,4,7158090,596
tunefuzz,openssl_6_6,x509,0,4669361,586
tunefuzz,openssl_6_6,x509,3,4945776,586
tunefuzz,openssl_6_6,x509,1,5410132,586
tunefuzz,openssl_6_6,x509,8,5197909,586
tunefuzz,openssl_6_6,x509,6,5517160,586
tunefuzz,openssl_6_6,x509,9,5752784,586
tunefuzz,openssl_6_6,x509,2,5670001,586
tunefuzz,openssl_6_6,x509,5,5563122,586
tunefuzz,openssl_6_6,x509,7,5589307,586
tunefuzz,openssl_6_6,x509,4,5870898,586
tunefuzz,libtiff_10_1,tiff_read_rgba_fuzzer,0,1487666,497
tunefuzz,libtiff_10_1,tiff_read_rgba_fuzzer,3,1557535,494
tunefuzz,libtiff_10_1,tiff_read_rgba_fuzzer,1,814694,497
tunefuzz,libtiff_10_1,tiff_read_rgba_fuzzer,8,1035700,506
tunefuzz,libtiff_10_1,tiff_read_rgba_fuzzer,6,1323515,506
tunefuzz,libtiff_10_1,tiff_read_rgba_fuzzer,9,325497,506
tunefuzz,libtiff_10_1,tiff_read_rgba_fuzzer,2,678374,494
tunefuzz,libtiff_10_1,tiff_read_rgba_fuzzer,5,1222050,506
tunefuzz,libtiff_10_1,tiff_read_rgba_fuzzer,7,1496147,495
tunefuzz,libtiff_10_1,tiff_read_rgba_fuzzer,4,172983,495
tunefuzz,php_6_2,exif,0,7022919,596
tunefuzz,php_6_2,exif,3,6985438,596
tunefuzz,php_6_2,exif,1,6973191,596
tunefuzz,php_6_2,exif,8,6952453,596
tunefuzz,php_6_2,exif,6,6948819,596
tunefuzz,php_6_2,exif,9,7028700,596
tunefuzz,php_6_2,exif,2,6711472,596
tunefuzz,php_6_2,exif,5,6946370,596
tunefuzz,php_6_2,exif,7,6838921,596
tunefuzz,php_6_2,exif,4,6922635,596
tunefuzz,libxml2_16_1,libxml2_xml_reader_for_file_fuzzer,0,459774,509
tunefuzz,libxml2_16_1,libxml2_xml_reader_for_file_fuzzer,3,863007,507
tunefuzz,libxml2_16_1,libxml2_xml_reader_for_file_fuzzer,1,983151,509
tunefuzz,libxml2_16_1,libxml2_xml_reader_for_file_fuzzer,8,1051991,509
tunefuzz,libxml2_16_1,libxml2_xml_reader_for_file_fuzzer,6,722142,510
tunefuzz,libxml2_16_1,libxml2_xml_reader_for_file_fuzzer,9,1168164,509
tunefuzz,libxml2_16_1,libxml2_xml_reader_for_file_fuzzer,2,1128336,510
tunefuzz,libxml2_16_1,libxml2_xml_reader_for_file_fuzzer,5,646091,508
tunefuzz,libxml2_16_1,libxml2_xml_reader_for_file_fuzzer,7,729271,509
tunefuzz,libxml2_16_1,libxml2_xml_reader_for_file_fuzzer,4,621587,515
tunefuzz,openssl_17_2,asn1parse,0,9219039,598
tunefuzz,openssl_17_2,asn1parse,3,9465996,598
tunefuzz,openssl_17_2,asn1parse,1,9183090,598
tunefuzz,openssl_17_2,asn1parse,8,8674420,598
tunefuzz,openssl_17_2,asn1parse,6,9382152,598
tunefuzz,openssl_17_2,asn1parse,9,9345999,598
tunefuzz,openssl_17_2,asn1parse,2,9333972,598
tunefuzz,openssl_17_2,asn1parse,5,9373401,598
tunefuzz,openssl_17_2,asn1parse,7,8901201,598
tunefuzz,openssl_17_2,asn1parse,4,8874177,598
tunefuzz,openssl_10_5,client,0,126351,484
tunefuzz,openssl_10_5,client,3,178993,489
tunefuzz,openssl_10_5,client,1,226043,489
tunefuzz,openssl_10_5,client,8,149085,489
tunefuzz,openssl_10_5,client,6,98986,489
tunefuzz,openssl_10_5,client,9,199465,489
tunefuzz,openssl_10_5,client,2,206096,489
tunefuzz,openssl_10_5,client,5,216987,481
tunefuzz,openssl_10_5,client,7,185921,489
tunefuzz,openssl_10_5,client,4,200935,489
tunefuzz,openssl_5_1,asn1,0,53324,464
tunefuzz,openssl_5_1,asn1,3,28080,467
tunefuzz,openssl_5_1,asn1,1,76116,467
tunefuzz,openssl_5_1,asn1,8,65971,466
tunefuzz,openssl_5_1,asn1,6,40363,467
tunefuzz,openssl_5_1,asn1,9,70303,466
tunefuzz,openssl_5_1,asn1,2,94555,467
tunefuzz,openssl_5_1,asn1,5,78655,461
tunefuzz,openssl_5_1,asn1,7,88489,466
tunefuzz,openssl_5_1,asn1,4,43862,467
tunefuzz,openssl_13_2,asn1parse,0,9397021,598
tunefuzz,openssl_13_2,asn1parse,3,9384437,598
tunefuzz,openssl_13_2,asn1parse,1,9271971,598
tunefuzz,openssl_13_2,asn1parse,8,8657424,598
tunefuzz,openssl_13_2,asn1parse,6,8543643,598
tunefuzz,openssl_13_2,asn1parse,9,9261112,598
tunefuzz,openssl_13_2,asn1parse,2,9464645,598
tunefuzz,openssl_13_2,asn1parse,5,9111494,598
tunefuzz,openssl_13_2,asn1parse,7,8718349,598
tunefuzz,openssl_13_2,asn1parse,4,9107250,598
tunefuzz,libxml2_16_2,libxml2_xml_read_memory_fuzzer,0,1608162,539
tunefuzz,libxml2_16_2,libxml2_xml_read_memory_fuzzer,3,3003212,539
tunefuzz,libxml2_16_2,libxml2_xml_read_memory_fuzzer,1,2355861,538
tunefuzz,libxml2_16_2,libxml2_xml_read_memory_fuzzer,8,1125854,537
tunefuzz,libxml2_16_2,libxml2_xml_read_memory_fuzzer,6,2745922,539
tunefuzz,libxml2_16_2,libxml2_xml_read_memory_fuzzer,9,2316271,537
tunefuzz,libxml2_16_2,libxml2_xml_read_memory_fuzzer,2,2768801,539
tunefuzz,libxml2_16_2,libxml2_xml_read_memory_fuzzer,5,2430884,538
tunefuzz,libxml2_16_2,libxml2_xml_read_memory_fuzzer,7,1789271,539
tunefuzz,libxml2_16_2,libxml2_xml_read_memory_fuzzer,4,2455979,538
tunefuzz,libtiff_6_1,tiff_read_rgba_fuzzer,0,374776,507
tunefuzz,libtiff_6_1,tiff_read_rgba_fuzzer,3,276414,506
tunefuzz,libtiff_6_1,tiff_read_rgba_fuzzer,1,188147,508
tunefuzz,libtiff_6_1,tiff_read_rgba_fuzzer,8,153053,507
tunefuzz,libtiff_6_1,tiff_read_rgba_fuzzer,6,750058,508
tunefuzz,libtiff_6_1,tiff_read_rgba_fuzzer,9,322121,507
tunefuzz,libtiff_6_1,tiff_read_rgba_fuzzer,2,30255,507
tunefuzz,libtiff_6_1,tiff_read_rgba_fuzzer,5,197584,508
tunefuzz,libtiff_6_1,tiff_read_rgba_fuzzer,7,1107518,508
tunefuzz,libtiff_6_1,tiff_read_rgba_fuzzer,4,171999,508
tunefuzz,openssl_7_4,server,0,19427,444
tunefuzz,openssl_7_4,server,3,43657,444
tunefuzz,openssl_7_4,server,1,34942,443
tunefuzz,openssl_7_4,server,8,36857,445
tunefuzz,openssl_7_4,server,6,47561,445
tunefuzz,openssl_7_4,server,9,39967,445
tunefuzz,openssl_7_4,server,2,47139,445
tunefuzz,openssl_7_4,server,5,36816,445
tunefuzz,openssl_7_4,server,7,47518,444
tunefuzz,openssl_7_4,server,4,41283,444
tunefuzz,libtiff_7_1,tiff_read_rgba_fuzzer,0,200950,507
tunefuzz,libtiff_7_1,tiff_read_rgba_fuzzer,3,367602,507
tunefuzz,libtiff_7_1,tiff_read_rgba_fuzzer,1,112731,506
tunefuzz,libtiff_7_1,tiff_read_rgba_fuzzer,8,185567,511
tunefuzz,libtiff_7_1,tiff_read_rgba_fuzzer,6,205221,511
tunefuzz,libtiff_7_1,tiff_read_rgba_fuzzer,9,139632,510
tunefuzz,libtiff_7_1,tiff_read_rgba_fuzzer,2,110791,506
tunefuzz,libtiff_7_1,tiff_read_rgba_fuzzer,5,152526,507
tunefuzz,libtiff_7_1,tiff_read_rgba_fuzzer,7,77415,512
tunefuzz,libtiff_7_1,tiff_read_rgba_fuzzer,4,243425,506
tunefuzz,sqlite3_20_1,sqlite3_fuzz,0,55157,0
tunefuzz,sqlite3_20_1,sqlite3_fuzz,3,55308,0
tunefuzz,sqlite3_20_1,sqlite3_fuzz,1,55312,0
tunefuzz,sqlite3_20_1,sqlite3_fuzz,8,55231,0
tunefuzz,sqlite3_20_1,sqlite3_fuzz,6,54988,0
tunefuzz,sqlite3_20_1,sqlite3_fuzz,9,55264,0
tunefuzz,sqlite3_20_1,sqlite3_fuzz,2,55300,0
tunefuzz,sqlite3_20_1,sqlite3_fuzz,5,54732,0
tunefuzz,sqlite3_20_1,sqlite3_fuzz,7,55108,0
tunefuzz,sqlite3_20_1,sqlite3_fuzz,4,54648,0
tunefuzz,openssl_17_4,server,0,49537,444
tunefuzz,openssl_17_4,server,3,37447,441
tunefuzz,openssl_17_4,server,1,45749,444
tunefuzz,openssl_17_4,server,8,54384,444
tunefuzz,openssl_17_4,server,6,32363,444
tunefuzz,openssl_17_4,server,9,26590,444
tunefuzz,openssl_17_4,server,2,22180,443
tunefuzz,openssl_17_4,server,5,22707,442
tunefuzz,openssl_17_4,server,7,38424,443
tunefuzz,openssl_17_4,server,4,46243,441
tunefuzz,openssl_6_5,client,0,217042,505
tunefuzz,openssl_6_5,client,3,242823,505
tunefuzz,openssl_6_5,client,1,188360,505
tunefuzz,openssl_6_5,client,8,209474,505
tunefuzz,openssl_6_5,client,6,222893,505
tunefuzz,openssl_6_5,client,9,205771,504
tunefuzz,openssl_6_5,client,2,194582,501
tunefuzz,openssl_6_5,client,5,256143,505
tunefuzz,openssl_6_5,client,7,173093,505
tunefuzz,openssl_6_5,client,4,189007,505
tunefuzz,sqlite3_18_1,sqlite3_fuzz,0,55076,0
tunefuzz,sqlite3_18_1,sqlite3_fuzz,3,53728,0
tunefuzz,sqlite3_18_1,sqlite3_fuzz,1,53197,0
tunefuzz,sqlite3_18_1,sqlite3_fuzz,8,54680,0
tunefuzz,sqlite3_18_1,sqlite3_fuzz,6,53336,0
tunefuzz,sqlite3_18_1,sqlite3_fuzz,9,53508,0
tunefuzz,sqlite3_18_1,sqlite3_fuzz,2,53028,0
tunefuzz,sqlite3_18_1,sqlite3_fuzz,5,53252,0
tunefuzz,sqlite3_18_1,sqlite3_fuzz,7,53296,0
tunefuzz,sqlite3_18_1,sqlite3_fuzz,4,54472,0
tunefuzz,openssl_16_6,x509,0,5271571,586
tunefuzz,openssl_16_6,x509,3,5211054,586
tunefuzz,openssl_16_6,x509,1,5483144,586
tunefuzz,openssl_16_6,x509,8,5276706,586
tunefuzz,openssl_16_6,x509,6,5437322,586
tunefuzz,openssl_16_6,x509,9,4772982,586
tunefuzz,openssl_16_6,x509,2,5106570,586
tunefuzz,openssl_16_6,x509,5,5400116,586
tunefuzz,openssl_16_6,x509,7,4903651,586
tunefuzz,openssl_16_6,x509,4,5297049,586
tunefuzz,openssl_20_3,bignum,0,109476,586
tunefuzz,openssl_20_3,bignum,3,68111,586
tunefuzz,openssl_20_3,bignum,1,100192,586
tunefuzz,openssl_20_3,bignum,8,26531,586
tunefuzz,openssl_20_3,bignum,6,65956,586
tunefuzz,openssl_20_3,bignum,9,116789,586
tunefuzz,openssl_20_3,bignum,2,102210,586
tunefuzz,openssl_20_3,bignum,5,104584,586
tunefuzz,openssl_20_3,bignum,7,76381,586
tunefuzz,openssl_20_3,bignum,4,73526,586
tunefuzz,libxml2_15_1,libxml2_xml_reader_for_file_fuzzer,0,1146791,515
tunefuzz,libxml2_15_1,libxml2_xml_reader_for_file_fuzzer,3,1092910,514
tunefuzz,libxml2_15_1,libxml2_xml_reader_for_file_fuzzer,1,886953,515
tunefuzz,libxml2_15_1,libxml2_xml_reader_for_file_fuzzer,8,1048570,513
tunefuzz,libxml2_15_1,libxml2_xml_reader_for_file_fuzzer,6,834744,511
tunefuzz,libxml2_15_1,libxml2_xml_reader_for_file_fuzzer,9,1065458,514
tunefuzz,libxml2_15_1,libxml2_xml_reader_for_file_fuzzer,2,1105015,514
tunefuzz,libxml2_15_1,libxml2_xml_reader_for_file_fuzzer,5,732961,514
tunefuzz,libxml2_15_1,libxml2_xml_reader_for_file_fuzzer,7,927802,514
tunefuzz,libxml2_15_1,libxml2_xml_reader_for_file_fuzzer,4,614163,514
tunefuzz,openssl_18_5,client,0,171114,501
tunefuzz,openssl_18_5,client,3,195652,505
tunefuzz,openssl_18_5,client,1,108994,505
tunefuzz,openssl_18_5,client,8,220595,505
tunefuzz,openssl_18_5,client,6,235096,505
tunefuzz,openssl_18_5,client,9,167546,505
tunefuzz,openssl_18_5,client,2,99435,501
tunefuzz,openssl_18_5,client,5,167017,505
tunefuzz,openssl_18_5,client,7,161436,505
tunefuzz,openssl_18_5,client,4,195932,505
tunefuzz,openssl_20_4,server,0,49560,446
tunefuzz,openssl_20_4,server,3,20747,447
tunefuzz,openssl_20_4,server,1,44292,446
tunefuzz,openssl_20_4,server,8,42675,442
tunefuzz,openssl_20_4,server,6,31788,447
tunefuzz,openssl_20_4,server,9,28946,439
tunefuzz,openssl_20_4,server,2,25012,443
tunefuzz,openssl_20_4,server,5,48677,447
tunefuzz,openssl_20_4,server,7,19821,447
tunefuzz,openssl_20_4,server,4,33563,433
tunefuzz,openssl_9_1,asn1,0,43033,464
tunefuzz,openssl_9_1,asn1,3,99901,466
tunefuzz,openssl_9_1,asn1,1,58526,466
tunefuzz,openssl_9_1,asn1,8,73467,466
tunefuzz,openssl_9_1,asn1,6,51082,466
tunefuzz,openssl_9_1,asn1,9,45455,466
tunefuzz,openssl_9_1,asn1,2,57914,465
tunefuzz,openssl_9_1,asn1,5,42752,466
tunefuzz,openssl_9_1,asn1,7,34477,466
tunefuzz,openssl_9_1,asn1,4,40863,462
